job_id,volume,mode,IOpattern,IOsize,nodes,ioi_bw,lfs_bw,sbb_bw
6866,1627,read,uncl,325.4,1,325.4,388198757.76397514,10890968.337776849
6866,10483666854,read,stride,1047947.506397441,1,2096733370.8,513821806.597472,929368029.7397768
6866,52359597439,read,stride,5240151.865392314,1,5235959743.9,564971751.4124295,1437607820.5865438
6866,104562953059,read,stride,10480400.226420768,1,5228147652.95,643443039.4413536,1192038242.3135538
6866,10485760000,write,stride,1048576.0,1,524288000.0,493924725.8717772,1195600191.2960305
6866,52428800000,write,stride,5242880.0,1,953250909.090909,523176729.0990896,1575299306.8683052
6866,104857600000,write,stride,10485760.0,1,1497965714.2857144,865161716.1716173,1553906342.6200354
6866,0,read,uncl,0.0,1,0.0,0.0,0.0
