job_id,volume,mode,IOpattern,IOsize,nodes,ioi_bw,nfs_bw,lfs_bw,sbb_bw
5168,145733064,read,seq,1044400.0876494024,1,48395893.29230769,97220189.45963976,459725753.9432176,310731479.74413645
5168,7200000,write,seq,102400.0,1,61440000.0,23452768.72964169,25263157.894736845,18320610.6870229
