job_id,volume,mode,IOpattern,IOsize,nodes,ioi_bw,nfs_bw,lfs_bw
5168,145733064,read,seq,1044400.0876494024,1,48395893.29230769,94386699.48186529,397092817.4386921
5168,7200000,write,seq,102400.0,1,61440000.0,17910447.761194028,23606557.37704918
