job_id,volume,mode,IOpattern,IOsize,nodes,ioi_bw,nfs_bw,lfs_bw,sbb_bw
5168,145733064,read,seq,1044400.0876494024,1,48395893.29230769,95688157.58371635,467093153.84615386,138135605.6872038
5168,7200000,write,seq,102400.0,1,61440000.0,16475972.540045766,24742268.041237116,19726027.397260275
