{"node_count": 1, "events": [0, 1, 8, 13, 17, 21, 26], "read_volumes": [0, 1213885936, 0, 0, 0, 0, 0], "read_bw": [0, 404628645.3333333, 0, 0, 0, 0, 0], "write_volumes": [0, 0, 1207981456, 1207969704, 1207989664, 1207989657, 2416088849], "write_bw": [0, 0, 603990728.0, 1207969704.0, 603994832.0, 603994828.5, 805362949.6666666], "read_pattern": ["Uncl", "Seq", "Uncl", "Uncl", "Uncl", "Uncl", "Uncl"], "write_pattern": ["Uncl", "Uncl", "Seq", "Seq", "Seq", "Seq", "Seq"], "read_operations": [0, 5227, 0, 0, 0, 0, 0], "write_operations": [0, 0, 139821, 139815, 139822, 139822, 279667]}